0.00000000e+00,0.00000000e+00.1,0.00000000e+00.2,-6.10267401e+00
1e-11,1.40330754,1e-11,-1.09870191
1.02994204e-11,1.4379897,1.02994204e-11,-0.914473111
1.08982613e-11,1.50318769,1.08982613e-11,-0.804888301
1.20959431e-11,1.61223349,1.20959431e-11,-0.709551428
1.44913065e-11,1.76826466,1.44913065e-11,-0.520815191
1.92820335e-11,1.94028352,1.92820335e-11,-0.377824766
2.82394608e-11,2.07126953,2.82394608e-11,-0.27383576
3.89139121e-11,2.14194017,3.89139121e-11,-0.279107642
5.66180056e-11,2.22580123,5.66180056e-11,-0.244045238
8.45210946e-11,2.30753747,8.45210946e-11,-0.238350729
1.40327273e-10,2.37393373,1.40327273e-10,-0.181944669
2.06115316e-10,2.39054906,2.06115316e-10,-0.171042124
2.6968177e-10,2.40225049,2.6968177e-10,-0.13603525
3.35724094e-10,2.40820451,3.35724094e-10,-0.140313956
4.13843834e-10,2.41455983,4.13843834e-10,-0.114496876
5.30417589e-10,2.41864917,5.30417589e-10,-0.1246042
6.61393054e-10,2.42181843,6.61393054e-10,-0.107434928
7.60269683e-10,2.42227862,7.60269683e-10,-0.125078409
8.66274595e-10,2.42271136,8.66274595e-10,-0.11098306
9.87687847e-10,2.42189149,9.87687847e-10,-0.129664201
1e-09,2.42188462,1e-09,-0.113872464
1.01458648e-09,2.42180108,1.01458648e-09,-0.121923787
1.04375943e-09,2.42156499,1.04375943e-09,-0.122013513
1.09520657e-09,2.421097,1.09520657e-09,-0.122015554
1.19810087e-09,2.41997057,1.19810087e-09,-0.121962051
1.37893206e-09,2.41768115,1.37893206e-09,-0.121458818
1.60168141e-09,2.41477336,1.60168141e-09,-0.121691145
1.82705317e-09,2.41277685,1.82705317e-09,-0.129965142
2.13900618e-09,2.41549316,2.13900618e-09,-0.121318309
2.38291492e-09,2.41553276,2.38291492e-09,-0.111076558
2.57653943e-09,2.40863935,2.57653943e-09,-0.110659695
2.69975927e-09,2.40187199,2.69975927e-09,-0.109517709
2.84254648e-09,2.38790111,2.84254648e-09,-0.109339256
3.1281209e-09,2.1495813,3.1281209e-09,-0.0884702245
3.57055272e-09,1.52793533,3.57055272e-09,-0.0620455283
3.97491348e-09,1.22560861,3.97491348e-09,-0.0539340682
4.3967466e-09,0.944549205,4.3967466e-09,-0.0362732705
4.81871882e-09,0.74710958,4.81871882e-09,-0.0344119335
5.66266327e-09,0.450819222,5.66266327e-09,-0.0153445883
6.92822572e-09,0.213184997,6.92822572e-09,-0.012159561
8.98628347e-09,0.0523796764,8.98628347e-09,0.00123192129
1e-08,0.0311452412,1e-08,-0.00468007072
1.00823003e-08,0.0289194304,1.00823003e-08,-0.00111949585
1.0246901e-08,0.025683725,1.0246901e-08,-0.000976240625
1.04663773e-08,0.0227974603,1.04663773e-08,-0.0011788891
1.07462429e-08,0.0191953835,1.07462429e-08,-0.00620393005
1.09172574e-08,0.017444957,1.09172574e-08,-0.0103793792
1.1e-08,0.016628829,1.1e-08,-0.0121680132
1.10173975e-08,0.0164679489,1.10173975e-08,-0.0123375988
1.10521926e-08,0.016178576,1.10521926e-08,-0.0125650257
1.11217826e-08,0.0156321003,1.11217826e-08,-0.012708752
1.12609628e-08,0.0144220319,1.12609628e-08,-0.0124746852
1.14405833e-08,0.0129679826,1.14405833e-08,-0.0119693861
1.1678268e-08,0.0142187296,1.1678268e-08,-0.0192349308
1.19203694e-08,0.0307481739,1.19203694e-08,-0.0516307289
1.22095211e-08,0.0333684258,1.22095211e-08,-0.113842375
1.2428035e-08,0.0138514877,1.2428035e-08,-0.121403112
1.26331383e-08,0.00693738627,1.26331383e-08,-0.0854313989
1.27856371e-08,0.00472378292,1.27856371e-08,-0.05715864
1.29467086e-08,0.00225419542,1.29467086e-08,-0.032174241
1.32688515e-08,0.000805580878,1.32688515e-08,-0.00790088035
1.36880012e-08,-0.000162101684,1.36880012e-08,-0.000112410938
1.4118775e-08,0.000213598603,1.4118775e-08,-0.000410973695
1.46748296e-08,-0.000201860502,1.46748296e-08,0.000346415495
1.57481353e-08,0.000200343961,1.57481353e-08,-0.000342959917
1.78947468e-08,-0.000199336632,1.78947468e-08,0.000339775957
2.21879698e-08,0.000198835857,2.21879698e-08,-0.000338147464
3.07744159e-08,-0.000198568031,3.07744159e-08,0.000337280557
4.7947308e-08,0.000198449506,4.7947308e-08,-0.000336886993
8.22930922e-08,-0.000198374507,8.22930922e-08,0.000336648228
1.42293092e-07,0.000198347975,1.42293092e-07,-0.000336554987
1.66e-07,-0.000198243941,1.66e-07,0.000336220602
1.661e-07,-7.44216249e-06,1.661e-07,-2.84526737e-06
1.663e-07,5.1903863e-06,1.663e-07,-2.94604365e-05
1.66565374e-07,-9.09365511e-06,1.66565374e-07,-2.78709159e-05
1.66853861e-07,1.40771067e-05,1.66853861e-07,-0.00137812428
1.67e-07,0.000240416963,1.67e-07,-0.00465820163
1.67016173e-07,0.000289905381,1.67016173e-07,-0.00506116826
1.6704852e-07,0.000368652726,1.6704852e-07,-0.00594300886
1.67113213e-07,-0.00044232832,1.67113213e-07,-0.00864765968
1.67232376e-07,-0.00878433322,1.67232376e-07,-0.0214744923
1.67337232e-07,-0.0208715601,1.67337232e-07,-0.0237848721
1.67434752e-07,-0.0325779577,1.67434752e-07,-0.0113674368
1.67529734e-07,-0.0364750347,1.67529734e-07,-0.00634888777
1.67600179e-07,-0.0373209269,1.67600179e-07,-0.00490501341
1.67678544e-07,-0.04036411,1.67678544e-07,-0.00623287198
1.67774586e-07,0.0228953396,1.67774586e-07,-0.000457929303
1.6786587e-07,0.122316102,1.6786587e-07,0.00165029143
1.68040717e-07,0.232538505,1.68040717e-07,0.004320156
1.68273436e-07,0.26001875,1.68273436e-07,-2.9521724e-05
1.68533296e-07,0.245116441,1.68533296e-07,-0.00112937052
1.68833098e-07,0.229000875,1.68833098e-07,-0.00296133051
1.69399262e-07,0.198588227,1.69399262e-07,-0.00171501111
1.70531591e-07,0.154531133,1.70531591e-07,-0.00226833631
1.72796249e-07,0.0965437863,1.72796249e-07,-0.000498219803
1.76e-07,0.0568390976,1.76e-07,-0.00114167219
1.761e-07,0.055459209,1.761e-07,-0.000621039305
1.763e-07,0.0538243262,1.763e-07,-0.000560240912
1.76565379e-07,0.0518153059,1.76565379e-07,-0.000609469074
1.76853849e-07,0.0497089902,1.76853849e-07,-0.00186167814
1.77e-07,0.0489879931,1.77e-07,-0.00505400927
1.77016146e-07,0.0489163729,1.77016146e-07,-0.00539579372
1.77048438e-07,0.0487732187,1.77048438e-07,-0.00619374945
1.77113022e-07,0.0473061602,1.77113022e-07,-0.00893535498
1.77233059e-07,0.0366920721,1.77233059e-07,-0.024492577
1.77338576e-07,0.020826143,1.77338576e-07,-0.024485615
1.77452162e-07,0.00702168262,1.77452162e-07,-0.0100516556
1.77544406e-07,0.0136288993,1.77544406e-07,-0.00613737473
1.77627324e-07,0.0612910536,1.77627324e-07,-0.00514792597
1.77709743e-07,0.441859206,1.77709743e-07,-0.00277839783
1.77819507e-07,1.15068817,1.77819507e-07,-0.00171115446
1.7797051e-07,1.37979285,1.7797051e-07,0.00019839984
1.78134982e-07,1.37960131,1.78134982e-07,-0.000328633057
1.78305171e-07,1.39166097,1.78305171e-07,0.000324839408
1.78565384e-07,1.3863537,1.78565384e-07,-0.000384852877
1.79085809e-07,1.38495997,1.79085809e-07,0.000235654934
1.80126659e-07,1.37219448,1.80126659e-07,-0.000395922706
1.82208359e-07,1.3554886,1.82208359e-07,0.000232697191
1.86371759e-07,1.31388992,1.86371759e-07,-0.000389538335
1.94698559e-07,1.24027121,1.94698559e-07,0.000238549783
2.11352158e-07,1.07240266,2.11352158e-07,-0.000373632613
2.44659358e-07,0.486753437,2.44659358e-07,0.000285520873
3.04659358e-07,0.0919561474,3.04659358e-07,-0.000317948456
3.64659358e-07,0.096560832,3.64659358e-07,0.000306761986
4.24659358e-07,0.0185457929,4.24659358e-07,-0.000313175176
4.84659358e-07,0.0632955051,4.84659358e-07,0.000308096466
4.93e-07,0.0116985629,4.93e-07,-0.000310600032
4.931e-07,0.0161845234,4.931e-07,3.18286691e-05
4.933e-07,0.0231078078,4.933e-07,9.03255198e-05
4.93511076e-07,0.0271950903,4.93511076e-07,-0.000752992054
4.93738544e-07,0.0298229751,4.93738544e-07,-0.00518112244
4.93919091e-07,0.031177366,4.93919091e-07,-0.00974397018
4.94e-07,0.0316194683,4.94e-07,-0.011435295
4.94018995e-07,0.0317312604,4.94018995e-07,-0.0116647537
4.94056986e-07,0.0319765647,4.94056986e-07,-0.0119408989
4.94132967e-07,0.0324203872,4.94132967e-07,-0.012095073
4.94284929e-07,0.0329375073,4.94284929e-07,-0.0118186412
4.94465781e-07,0.0333727651,4.94465781e-07,-0.0114860241
4.94703845e-07,0.0396416937,4.94703845e-07,-0.0215766742
4.94953117e-07,0.0794963333,4.94953117e-07,-0.0611836169
4.95220144e-07,0.055614679,4.95220144e-07,-0.115032121
4.95431153e-07,0.0295385906,4.95431153e-07,-0.118971418
4.95627196e-07,0.0202903251,4.95627196e-07,-0.0857629211
4.95781563e-07,0.0122469646,4.95781563e-07,-0.0575237019
4.95939849e-07,0.00786412283,4.95939849e-07,-0.0329265816
4.96256421e-07,0.00153736266,4.96256421e-07,-0.00845191999
4.96678485e-07,0.000697168343,4.96678485e-07,-1.44956524e-05
4.97104984e-07,-0.00014473799,4.97104984e-07,-0.000435111086
4.97660921e-07,0.000588354272,4.97660921e-07,0.000408743002
4.98666975e-07,-0.000137435016,4.98666975e-07,-0.000408003264
5e-07,0.000579102552,5e-07,0.000400783255
5.001e-07,0.000233055123,5.001e-07,5.14998904e-05
5.003e-07,0.00021085377,5.003e-07,7.52348579e-05
5.00511052e-07,0.000223075888,5.00511052e-07,-0.000734682415
5.00738539e-07,0.00018847535,5.00738539e-07,-0.00519622572
5.00919027e-07,0.000236222079,5.00919027e-07,-0.00972694473
5.01e-07,0.000207632173,5.01e-07,-0.0114468873
5.01018992e-07,0.000225847851,5.01018992e-07,-0.0116649932
5.01056976e-07,0.000253208059,5.01056976e-07,-0.0119363514
5.01132945e-07,0.000254650349,5.01132945e-07,-0.0120935756
5.01284882e-07,0.000223615723,5.01284882e-07,-0.0118183913
5.01465663e-07,0.000241025927,5.01465663e-07,-0.0114850847
5.01703761e-07,0.00105756843,5.01703761e-07,-0.0215639548
5.0195292e-07,0.00473951279,5.0195292e-07,-0.0614669148
5.02228617e-07,0.0190006759,5.02228617e-07,-0.11572328
5.02438231e-07,0.0197199382,5.02438231e-07,-0.126305861
5.02602791e-07,0.0192465536,5.02602791e-07,-0.113933883
5.02720079e-07,0.0163410387,5.02720079e-07,-0.105906335
5.02852001e-07,0.0150764996,5.02852001e-07,-0.0892206814
5.03059193e-07,0.00981345798,5.03059193e-07,-0.0651966871
5.03417091e-07,0.00547520893,5.03417091e-07,-0.0301780933
5.03938378e-07,0.000590682462,5.03938378e-07,-0.00757745808
5.04568415e-07,0.000645388857,5.04568415e-07,-0.000214362002
5.05278961e-07,-0.000522402118,5.05278961e-07,-0.000489408206
5.06175386e-07,0.000518113481,5.06175386e-07,0.000466188601
5.07968237e-07,-0.000514674291,5.07968237e-07,-0.000462513577
5.11553937e-07,0.000512984105,5.11553937e-07,0.000460864874
5.18725337e-07,-0.000512075046,5.18725337e-07,-0.000460140268
5.33068139e-07,0.000511680334,5.33068139e-07,0.000459719442
5.61753741e-07,-0.000511422764,5.61753741e-07,-0.000459575005
6.19124946e-07,0.000511354033,6.19124946e-07,0.000459438477
6.57e-07,-0.000512231142,6.57e-07,-0.000459425093
6.571e-07,-1.47881776e-05,6.571e-07,-3.65236313e-05
6.573e-07,1.40041513e-05,6.573e-07,-3.91840058e-06
6.57565376e-07,-1.44961982e-05,6.57565376e-07,-5.94817902e-05
6.57853855e-07,1.6310915e-05,6.57853855e-07,-0.00134880454
6.58e-07,8.501738e-05,6.58e-07,-0.00455663327
6.58016153e-07,0.000112338716,6.58016153e-07,-0.00490456703
6.5804846e-07,0.000143937908,6.5804846e-07,-0.00570415339
6.58113073e-07,-0.000205229476,6.58113073e-07,-0.00832700214
6.58233011e-07,-0.00361312068,6.58233011e-07,-0.0236274789
6.58338479e-07,-0.00941245503,6.58338479e-07,-0.0243335061
6.58452027e-07,-0.0175055541,6.58452027e-07,-0.0110150043
6.58543856e-07,-0.0250608526,6.58543856e-07,-0.00899414554
6.58627106e-07,-0.0441261481,6.58627106e-07,-0.0129427977
6.587099e-07,-0.130893882,6.587099e-07,-0.0362216917
6.58819527e-07,-0.169222375,6.58819527e-07,-0.00896503779
6.5895383e-07,-0.0920674148,6.5895383e-07,0.000845138497
6.59109817e-07,-0.0727140948,6.59109817e-07,0.00372650677
6.5926242e-07,-0.0660753195,6.5926242e-07,0.00189057405
6.59559797e-07,-0.0548843205,6.59559797e-07,0.00298885476
6.60125084e-07,-0.039278323,6.60125084e-07,0.000851242286
6.61255658e-07,-0.0200488511,6.61255658e-07,0.00157328728
6.63516807e-07,-0.00426636768,6.63516807e-07,-0.000576233327
6.67e-07,-5.13898957e-07,6.67e-07,0.000750708427
6.671e-07,-6.92076349e-07,6.671e-07,-2.88057587e-05
6.673e-07,-7.03636578e-06,6.673e-07,-1.49528124e-05
6.67565376e-07,-1.55567933e-05,6.67565376e-07,-6.55849519e-05
6.67853856e-07,2.35524163e-05,6.67853856e-07,-0.00131114737
6.68e-07,0.00080458791,6.68e-07,-0.00326361724
6.6801615e-07,0.000989773176,6.6801615e-07,-0.0033969341
6.68048449e-07,0.00137772432,6.68048449e-07,-0.00383465158
6.68113048e-07,0.000312178603,6.68113048e-07,-0.0112090669
6.68233159e-07,-0.0277464134,6.68233159e-07,-0.0702173924
6.68339194e-07,-0.107880127,6.68339194e-07,-0.135526449
6.68434035e-07,0.325992179,6.68434035e-07,-0.303979838
6.68526586e-07,1.73151076,6.68526586e-07,-0.438790114
6.68588154e-07,2.75298711,6.68588154e-07,-0.443554276
6.68656113e-07,3.51024518,6.68656113e-07,-0.43839171
6.68736573e-07,3.83012184,6.68736573e-07,-0.391972842
6.68826624e-07,3.87783646,6.68826624e-07,-0.385623103
6.68909702e-07,3.89710767,6.68909702e-07,-0.327646625
6.68986795e-07,3.8939456,6.68986795e-07,-0.296054215
6.69084488e-07,3.88984217,6.69084488e-07,-0.235535522
6.69276038e-07,3.86270852,6.69276038e-07,-0.197045985
6.69568583e-07,3.84044742,6.69568583e-07,-0.167855842
6.69881517e-07,3.83117051,6.69881517e-07,-0.18028088
6.7030825e-07,3.82674682,6.7030825e-07,-0.16762354
6.71141811e-07,3.81417044,6.71141811e-07,-0.179396184
6.72588233e-07,3.79523168,6.72588233e-07,-0.166227621
6.75481078e-07,3.74941161,6.75481078e-07,-0.176437262
6.81266767e-07,3.65112176,6.81266767e-07,-0.159691483
6.92838145e-07,3.43086131,6.92838145e-07,-0.16196462
7.15980902e-07,2.99930274,7.15980902e-07,-0.130087029
7.62266415e-07,2.25922545,7.62266415e-07,-0.1087455
8.22266415e-07,1.55858039,8.22266415e-07,-0.0646486216
8.82266415e-07,1.07091452,8.82266415e-07,-0.0547721915
9.42266415e-07,0.737653766,9.42266415e-07,-0.0273636075
1e-06,0.513385297,1e-06,-0.0294498198
1.0001e-06,0.513740691,1.0001e-06,-0.0233258038
1.0003e-06,0.513176759,1.0003e-06,-0.0231814425
1.00051105e-06,0.512439101,1.00051105e-06,-0.0241097862
1.00073854e-06,0.511758344,1.00073854e-06,-0.0286181689
1.00091901e-06,0.511155338,1.00091901e-06,-0.0330450554
1.001e-06,0.510935666,1.001e-06,-0.0347557864
1.00101899e-06,0.510868549,1.00101899e-06,-0.034921967
1.00105697e-06,0.510759426,1.00105697e-06,-0.0350382329
1.00113294e-06,0.510535199,1.00113294e-06,-0.035112182
1.00128487e-06,0.510036077,1.00128487e-06,-0.0349610088
1.00146558e-06,0.509480701,1.00146558e-06,-0.0345036263
1.00170369e-06,0.509442276,1.00170369e-06,-0.0382023947
1.0019527e-06,0.511715226,1.0019527e-06,-0.0523325793
1.00222633e-06,0.521179654,1.00222633e-06,-0.0298609699
1.00241664e-06,0.524901159,1.00241664e-06,-0.0241115182
1.00257876e-06,0.525204973,1.00257876e-06,-0.0256390913
1.00269321e-06,0.52673717,1.00269321e-06,-0.0249613399
1.00282283e-06,0.528419748,1.00282283e-06,-0.0255700665
1.00303305e-06,0.53429445,1.00303305e-06,-0.025690497
1.00340076e-06,0.440513136,1.00340076e-06,-0.0173032585
1.00374378e-06,0.34729579,1.00374378e-06,-0.0153301076
1.00410289e-06,0.269605943,1.00410289e-06,-0.00967846085
1.00458163e-06,0.196016274,1.00458163e-06,-0.00926535274
1.00512157e-06,0.137744893,1.00512157e-06,-0.00431517245
1.00620145e-06,0.0693936138,1.00620145e-06,-0.00415157252
1.00836121e-06,0.015309551,1.00836121e-06,0.000684829072
1.01e-06,0.00559945661,1.01e-06,-0.0015417496
1.0101e-06,0.00523256791,1.0101e-06,-0.000163514391
1.0103e-06,0.00461213315,1.0103e-06,-0.000103436134
1.01051106e-06,0.00406583013,1.01051106e-06,-0.000914064973
1.01073854e-06,0.00345079538,1.01073854e-06,-0.00535255456
1.01091904e-06,0.00311117417,1.01091904e-06,-0.00986410756
1.011e-06,0.00296603314,1.011e-06,-0.0115712408
1.01101899e-06,0.00293964375,1.01101899e-06,-0.0117891647
1.01105698e-06,0.00291374425,1.01105698e-06,-0.0120382504
1.01113295e-06,0.00287083706,1.01113295e-06,-0.0121837114
1.01128489e-06,0.0026104073,1.01128489e-06,-0.0119273042
1.01146573e-06,0.00236168206,1.01146573e-06,-0.0115643636
1.01170382e-06,0.00556965729,1.01170382e-06,-0.0209405037
1.01195307e-06,0.0280832017,1.01195307e-06,-0.056768734
1.01222111e-06,0.0330972032,1.01222111e-06,-0.116079745
1.01243258e-06,0.013478388,1.01243258e-06,-0.121150602
1.01262893e-06,0.00731336642,1.01262893e-06,-0.0869356267
1.01278396e-06,0.00459356086,1.01278396e-06,-0.0579968227
1.01294278e-06,0.00248607971,1.01294278e-06,-0.0329894249
1.01325745e-06,0.000684790304,1.01325745e-06,-0.00856099493
1.01367767e-06,-6.46930656e-06,1.01367767e-06,-5.32577438e-05
1.01410272e-06,6.03122935e-05,1.01410272e-06,-0.000488307492
1.01465606e-06,-5.28165493e-05,1.01465606e-06,0.000439628953
1.0156757e-06,5.25360327e-05,1.0156757e-06,-0.000439095661
1.01771497e-06,-5.22444526e-05,1.01771497e-06,0.000438038393
1.02179352e-06,5.21323307e-05,1.02179352e-06,-0.000437532372
1.02995061e-06,-5.2018274e-05,1.02995061e-06,0.000437182222
1.04626479e-06,5.20107544e-05,1.04626479e-06,-0.000437062007
1.07889315e-06,-5.19611298e-05,1.07889315e-06,0.000436966596
1.13889315e-06,5.19772173e-05,1.13889315e-06,-0.000436941517
1.166e-06,-5.19312072e-05,1.166e-06,0.000436833204
1.1661e-06,-3.67766244e-06,1.1661e-06,-1.50359106e-05
1.1663e-06,1.60867356e-06,1.1663e-06,-1.75321689e-05
1.16656538e-06,-5.56806629e-06,1.16656538e-06,-3.98955909e-05
1.16685386e-06,1.07101908e-05,1.16685386e-06,-0.0013663757
1.167e-06,0.000241680512,1.167e-06,-0.00464520493
1.16701617e-06,0.000288225336,1.16701617e-06,-0.00503569765
1.16704851e-06,0.000365547759,1.16704851e-06,-0.00590838671
1.1671132e-06,-0.000441541404,1.1671132e-06,-0.00867917694
1.16723245e-06,-0.00873982395,1.16723245e-06,-0.0222530905
1.1673374e-06,-0.0218358465,1.1673374e-06,-0.0255238719
1.1674506e-06,-0.0254484672,1.1674506e-06,-0.0117520453
1.16754302e-06,0.0887158425,1.16754302e-06,-0.00305009283
1.16762195e-06,0.253419113,1.16762195e-06,8.13285769e-05
1.16770346e-06,0.443927648,1.16770346e-06,0.00420389971
1.16781189e-06,0.693060968,1.16781189e-06,0.00722928407
1.16801074e-06,0.932404868,1.16801074e-06,0.0049546471
1.16822484e-06,0.948540967,1.16822484e-06,-0.0027020195
1.16846914e-06,0.873572248,1.16846914e-06,-0.00724878758
1.16875207e-06,0.787342484,1.16875207e-06,-0.00882876338
1.16926635e-06,0.647603958,1.16926635e-06,-0.00768662297
1.17007838e-06,0.49257498,1.17007838e-06,-0.0059764636
1.17170245e-06,0.300093547,1.17170245e-06,-0.00328079561
1.17467073e-06,0.143764942,1.17467073e-06,-0.00172905675
1.176e-06,0.108208408,1.176e-06,-0.00103980364
1.1761e-06,0.107116527,1.1761e-06,-0.00120092963
1.1763e-06,0.103196101,1.1763e-06,-0.00114510464
1.17656537e-06,0.0981768503,1.17656537e-06,-0.001117943
1.17685387e-06,0.0932088634,1.17685387e-06,-0.00237103163
1.177e-06,0.0909990198,1.177e-06,-0.00550814135
1.17701614e-06,0.0908028654,1.17701614e-06,-0.00586349796
1.17704841e-06,0.0903595793,1.17704841e-06,-0.00665991983
1.17711295e-06,0.0882948436,1.17711295e-06,-0.00938373057
1.17723288e-06,0.0770937641,1.17723288e-06,-0.0248868727
1.17733821e-06,0.062122994,1.17733821e-06,-0.0249162011
1.17745169e-06,0.0536496125,1.17745169e-06,-0.0104287254
1.17754393e-06,0.0762054105,1.17754393e-06,-0.00645836057
1.17762676e-06,0.193833495,1.17762676e-06,-0.00542823291
1.17770906e-06,0.918750291,1.17770906e-06,-0.0034375121
1.17781853e-06,1.59013005,1.17781853e-06,-0.00136392535
1.17793149e-06,1.59757294,1.17793149e-06,-0.000374104963
1.17807021e-06,1.62621773,1.17807021e-06,-0.000120181467
1.17821908e-06,1.61916259,1.17821908e-06,0.000184160858
1.17841656e-06,1.62479628,1.17841656e-06,-0.000248201952
1.17880507e-06,1.61655902,1.17880507e-06,0.000110682376
1.1795719e-06,1.61247134,1.1795719e-06,-0.000301252236
1.18110556e-06,1.59278111,1.18110556e-06,0.000108861193
1.18417287e-06,1.56500715,1.18417287e-06,-0.000297719744
1.1903075e-06,1.49946054,1.1903075e-06,0.000114777588
1.20257676e-06,1.38549999,1.20257676e-06,-0.000286216212
1.22711529e-06,1.14980591,1.22711529e-06,0.00013690118
1.27619233e-06,0.407200793,1.27619233e-06,-0.000225427793
1.33619233e-06,0.0677962685,1.33619233e-06,0.000198823083
1.39619233e-06,0.112275175,1.39619233e-06,-0.000209606851
1.45619233e-06,-0.000194829194,1.45619233e-06,0.000203442218
1.493e-06,0.0826221006,1.493e-06,-0.000208844555
1.4931e-06,0.0736819193,1.4931e-06,4.60195065e-05
1.4933e-06,0.0601432418,1.4933e-06,9.11732263e-05
1.49351104e-06,0.0518937655,1.49351104e-06,-0.000740517332
1.49373854e-06,0.046122684,1.49373854e-06,-0.00518236037
1.49391899e-06,0.0434026251,1.49391899e-06,-0.0097364208
1.494e-06,0.042493573,1.494e-06,-0.011435982
1.49401899e-06,0.0423284737,1.49401899e-06,-0.0116635295
1.49405697e-06,0.0420437252,1.49405697e-06,-0.0119391837
1.49413293e-06,0.0415520341,1.49413293e-06,-0.0120941881
1.49428485e-06,0.0406039322,1.49428485e-06,-0.0118178957
1.4944657e-06,0.039832022,1.4944657e-06,-0.0114854554
1.49470378e-06,0.0450853388,1.49470378e-06,-0.0215689719
1.49495302e-06,0.0842450477,1.49495302e-06,-0.0611627811
1.4952201e-06,0.0561669005,1.4952201e-06,-0.115027068
1.49543114e-06,0.0295245001,1.49543114e-06,-0.118986462
1.4956272e-06,0.0203927051,1.4956272e-06,-0.0857838228
1.49578155e-06,0.0122420331,1.49578155e-06,-0.0575500969
1.49593984e-06,0.00794065982,1.49593984e-06,-0.032940006
1.49625642e-06,0.00152878743,1.49625642e-06,-0.00845926467
1.49667859e-06,0.000760901471,1.49667859e-06,-1.12888478e-05
1.49710483e-06,-0.000153381163,1.49710483e-06,-0.000438154983
1.49766101e-06,0.000650211966,1.49766101e-06,0.000411167126
1.49866573e-06,-0.000145291735,1.49866573e-06,-0.000410875956
1.5e-06,0.000639751591,1.5e-06,0.000403158467
1.5001e-06,0.000260413672,1.5001e-06,5.12970372e-05
1.5003e-06,0.000236250418,1.5003e-06,7.49190057e-05
1.50051105e-06,0.000250315146,1.50051105e-06,-0.00073486511
1.50073854e-06,0.00021439182,1.50073854e-06,-0.00519652382
1.50091903e-06,0.000264129728,1.50091903e-06,-0.00972713515
1.501e-06,0.00023417982,1.501e-06,-0.0114471717
1.50101899e-06,0.000253000439,1.50101899e-06,-0.011665229
1.50105698e-06,0.000280530082,1.50105698e-06,-0.0119365765
1.50113295e-06,0.000281699165,1.50113295e-06,-0.0120938172
1.50128488e-06,0.000250485978,1.50128488e-06,-0.0118186308
1.50146566e-06,0.00026759202,1.50146566e-06,-0.0114853348
1.50170376e-06,0.00107645209,1.50170376e-06,-0.0215647984
1.50195292e-06,0.0047512723,1.50195292e-06,-0.0614721543
1.50222866e-06,0.0190074546,1.50222866e-06,-0.115701902
1.50243834e-06,0.0197073779,1.50243834e-06,-0.126275708
1.50260297e-06,0.0192443753,1.50260297e-06,-0.113875525
1.5027203e-06,0.0163202366,1.5027203e-06,-0.105819813
1.50285224e-06,0.0150642528,1.50285224e-06,-0.0891075847
1.50305969e-06,0.00978640326,1.50305969e-06,-0.0650648251
1.50341802e-06,0.00546184214,1.50341802e-06,-0.0300595336
1.50394063e-06,0.000573753193,1.50394063e-06,-0.00750645811
1.50457218e-06,0.000647995279,1.50457218e-06,-0.000196361011
1.50528257e-06,-0.000527627376,1.50528257e-06,-0.000490472393
1.50618136e-06,0.000523229007,1.50618136e-06,0.000467639596
1.50797895e-06,-0.000519765131,1.50797895e-06,-0.000463966233
1.51157413e-06,0.000518063884,1.51157413e-06,0.000462315666
1.51876449e-06,-0.000517148492,1.51876449e-06,-0.000461590043
1.53314521e-06,0.000516751473,1.53314521e-06,0.000461168703
1.56190664e-06,-0.000516491896,1.56190664e-06,-0.000461024131
1.61942951e-06,0.000516423012,1.61942951e-06,0.000460887413
1.657e-06,-0.000517304417,1.657e-06,-0.000460873695
1.6571e-06,-1.49180704e-05,1.6571e-06,-3.6593839e-05
1.6573e-06,1.41322229e-05,1.6573e-06,-3.87912013e-06
1.65756538e-06,-1.4617023e-05,1.65756538e-06,-5.95292535e-05
1.65785385e-06,1.64276015e-05,1.65785385e-06,-0.00134876139
1.658e-06,8.49091006e-05,1.658e-06,-0.00455667101
1.65801615e-06,0.000112323105,1.65801615e-06,-0.00490457149
1.65804846e-06,0.000143948823,1.65804846e-06,-0.00570414811
1.65811307e-06,-0.000205234865,1.65811307e-06,-0.00832703281
1.65823301e-06,-0.00361309672,1.65823301e-06,-0.0236275826
1.65833848e-06,-0.00941244048,1.65833848e-06,-0.0243336516
1.65845203e-06,-0.0175055181,1.65845203e-06,-0.0110151687
1.65854386e-06,-0.0250608175,1.65854386e-06,-0.0089943238
1.65862711e-06,-0.0441258122,1.65862711e-06,-0.0129435424
1.6587099e-06,-0.130888086,1.6587099e-06,-0.0362237291
1.65881953e-06,-0.169218263,1.65881953e-06,-0.00896349154
1.65895383e-06,-0.0920716333,1.65895383e-06,0.000844927876
1.65910982e-06,-0.072715871,1.65910982e-06,0.0037268149
1.65926242e-06,-0.0660770423,1.65926242e-06,0.00189036095
1.6595598e-06,-0.054885836,1.6595598e-06,0.00298920777
1.66012512e-06,-0.0392788134,1.66012512e-06,0.000850972288
1.66125575e-06,-0.0200482737,1.66125575e-06,0.00157355375
1.66351702e-06,-0.00426575001,1.66351702e-06,-0.000576548999
1.667e-06,-6.22034015e-07,1.667e-06,0.000751003188
1.6671e-06,-8.23874638e-07,1.6671e-06,-2.88030352e-05
1.6673e-06,-7.16549185e-06,1.6673e-06,-1.4948688e-05
1.66756538e-06,-1.56570608e-05,1.66756538e-06,-6.55804743e-05
1.66785386e-06,2.34628545e-05,1.66785386e-06,-0.00131114349
1.668e-06,0.000804450332,1.668e-06,-0.00326360501
1.66801615e-06,0.00098962406,1.66801615e-06,-0.0033969211
1.66804845e-06,0.00137755401,1.66804845e-06,-0.00383463848
1.66811305e-06,0.00031216337,1.66811305e-06,-0.0112091107
1.66823316e-06,-0.0277442147,1.66823316e-06,-0.0702177635
1.66833919e-06,-0.107877363,1.66833919e-06,-0.135526319
1.66843404e-06,0.325753366,1.66843404e-06,-0.303930002
1.66852659e-06,1.73093958,1.66852659e-06,-0.438756144
1.66858814e-06,2.75147149,1.66858814e-06,-0.443353627
1.6686561e-06,3.50616668,1.6686561e-06,-0.437896707
1.66873656e-06,3.82483145,1.66873656e-06,-0.391830892
1.66882664e-06,3.87242187,1.66882664e-06,-0.385184456
1.6689097e-06,3.89191797,1.6689097e-06,-0.327498604
1.6689868e-06,3.88901606,1.6689868e-06,-0.295623677
1.66908442e-06,3.88535644,1.66908442e-06,-0.235463229
1.66927553e-06,3.85908305,1.66927553e-06,-0.196804565
1.66956786e-06,3.83733801,1.66956786e-06,-0.167864031
1.66988074e-06,3.82799185,1.66988074e-06,-0.179991226
1.67030729e-06,3.82350952,1.67030729e-06,-0.167621739
1.67113897e-06,3.81080795,1.67113897e-06,-0.179098326
1.67258346e-06,3.7916909,1.67258346e-06,-0.166211956
1.67547245e-06,3.74554188,1.67547245e-06,-0.176116397
1.68125042e-06,3.64692313,1.68125042e-06,-0.159645901
1.69280636e-06,3.42669707,1.69280636e-06,-0.161630361
1.71591824e-06,2.9960057,1.71591824e-06,-0.130082381
1.762142e-06,2.25752568,1.762142e-06,-0.108523185
1.822142e-06,1.5573979,1.822142e-06,-0.06474002
1.882142e-06,1.07010252,1.882142e-06,-0.0545902032
1.942142e-06,0.737095954,1.942142e-06,-0.0274833801
2e-06,0.512588315,2e-06,-0.0292685194
2.0001e-06,0.512944541,2.0001e-06,-0.0232895232
2.0003e-06,0.512381522,2.0003e-06,-0.0231454312
2.00051105e-06,0.511644901,2.00051105e-06,-0.0240736198
2.00073854e-06,0.510965238,2.00073854e-06,-0.028582242
2.00091901e-06,0.510363118,2.00091901e-06,-0.0330089905
2.001e-06,0.51014384,2.001e-06,-0.0347199056
2.00101899e-06,0.510076812,2.00101899e-06,-0.0348860145
2.00105697e-06,0.509967877,2.00105697e-06,-0.0350022819
2.00113294e-06,0.50974402,2.00113294e-06,-0.035076252
2.00128487e-06,0.509245638,2.00128487e-06,-0.0349251086
2.00146558e-06,0.508691143,2.00146558e-06,-0.0344677701
2.00170369e-06,0.508653899,2.00170369e-06,-0.0381665984
2.0019527e-06,0.510928214,2.0019527e-06,-0.0522968696
2.00222633e-06,0.520394873,2.00222633e-06,-0.0298254144
2.00241664e-06,0.524118645,2.00241664e-06,-0.0240760388
2.00257876e-06,0.52442565,2.00257876e-06,-0.025603871
2.00269321e-06,0.525960843,2.00269321e-06,-0.0249262569
2.00282283e-06,0.527649278,2.00282283e-06,-0.0255355297
2.00303305e-06,0.533550683,2.00303305e-06,-0.0256581404
2.00340075e-06,0.439928902,2.00340075e-06,-0.0172812739
2.00374378e-06,0.346852951,2.00374378e-06,-0.0153111499
2.00410288e-06,0.269250453,2.00410288e-06,-0.00966426549
2.00458163e-06,0.195750738,2.00458163e-06,-0.00925393869
2.00512154e-06,0.137547463,2.00512154e-06,-0.00430721247
2.00620136e-06,0.0692827057,2.00620136e-06,-0.00414660883
2.00836099e-06,0.0152777533,2.00836099e-06,0.000685827521
2.01e-06,0.00558692542,2.01e-06,-0.00154092425
2.0101e-06,0.00522038097,2.0101e-06,-0.000162996341
2.0103e-06,0.00460095486,2.0103e-06,-0.000102973821
2.01051106e-06,0.00405588932,2.01051106e-06,-0.000913656313
2.01073854e-06,0.00344198626,2.01073854e-06,-0.00535219092
2.01091904e-06,0.00310318166,2.01091904e-06,-0.00986377861
2.011e-06,0.00295837957,2.011e-06,-0.0115709259
2.01101899e-06,0.00293206718,2.01101899e-06,-0.0117888527
2.01105698e-06,0.00290631837,2.01105698e-06,-0.0120379439
2.01113295e-06,0.00286370693,2.01113295e-06,-0.0121834178
2.01128489e-06,0.00260384852,2.01128489e-06,-0.0119270348
2.01146573e-06,0.00235573641,2.01146573e-06,-0.0115641187
2.01170382e-06,0.00556436772,2.01170382e-06,-0.0209402811
2.01195307e-06,0.0280784632,2.01195307e-06,-0.0567685126
2.01222111e-06,0.0330967626,2.01222111e-06,-0.116079396
2.01243258e-06,0.0134784844,2.01243258e-06,-0.121150882
2.01262893e-06,0.00731325822,2.01262893e-06,-0.0869351185
2.01278396e-06,0.00459359062,2.01278396e-06,-0.0579968661
2.01294278e-06,0.00248598704,2.01294278e-06,-0.032988909
2.01325745e-06,0.000684814182,2.01325745e-06,-0.00856106212
2.01367767e-06,-6.53623093e-06,2.01367767e-06,-5.29031324e-05
2.01410272e-06,6.03546194e-05,2.01410272e-06,-0.000488509063
2.01465606e-06,-5.28660751e-05,2.01465606e-06,0.000439878652
2.0156757e-06,5.25836085e-05,2.0156757e-06,-0.000439334416
2.01771497e-06,-5.22915707e-05,2.01771497e-06,0.000438275468
2.02179353e-06,5.21793616e-05,2.02179353e-06,-0.0004377684
2.02995063e-06,-5.20651722e-05,2.02995063e-06,0.000437417933
2.04626484e-06,5.20575453e-05,2.04626484e-06,-0.000437297616
2.07889325e-06,-5.20078965e-05,2.07889325e-06,0.000437202069
2.13889325e-06,5.20240248e-05,2.13889325e-06,-0.000437176918
2.166e-06,-5.19779657e-05,2.166e-06,0.000437068582
2.1661e-06,-3.67906498e-06,2.1661e-06,-1.5030794e-05
2.1663e-06,1.61029582e-06,2.1663e-06,-1.75394974e-05
2.16656538e-06,-5.56900783e-06,2.16656538e-06,-3.98932872e-05
2.16685386e-06,1.07113956e-05,2.16685386e-06,-0.00136637845
2.167e-06,0.000241673316,2.167e-06,-0.00464510032
2.16701617e-06,0.000288217204,2.16701617e-06,-0.0050355761
2.16704851e-06,0.000365535464,2.16704851e-06,-0.00590822369
2.1671132e-06,-0.00044156895,2.1671132e-06,-0.00867911017
2.16723245e-06,-0.00873969995,2.16723245e-06,-0.0222570477
2.1673374e-06,-0.0218384119,2.1673374e-06,-0.0255279666
2.1674506e-06,-0.0253676054,2.1674506e-06,-0.0117481271
2.16754302e-06,0.0889022874,2.16754302e-06,-0.00304851502
2.16762194e-06,0.253634245,2.16762194e-06,8.49543796e-05
2.16770345e-06,0.444194974,2.16770345e-06,0.00420450501
2.16781188e-06,0.693371228,2.16781188e-06,0.00723161919
2.16801074e-06,0.932796985,2.16801074e-06,0.00495362799
2.16822481e-06,0.948924399,2.16822481e-06,-0.00270247998
2.1684691e-06,0.873927917,2.1684691e-06,-0.00725237257
2.16875202e-06,0.787646669,2.16875202e-06,-0.00883121594
2.16926624e-06,0.647851298,2.16926624e-06,-0.00769056076
2.17007825e-06,0.492744797,2.17007825e-06,-0.00597774145
2.17170225e-06,0.300188038,2.17170225e-06,-0.00328273241
2.17467014e-06,0.143810856,2.17467014e-06,-0.0017287765
2.176e-06,0.10822994,2.176e-06,-0.0010408733
2.1761e-06,0.107136255,2.1761e-06,-0.00120117444
2.1763e-06,0.103214768,2.1763e-06,-0.0011453024
2.17656537e-06,0.098194369,2.17656537e-06,-0.00111816134
2.17685387e-06,0.0932250978,2.17685387e-06,-0.00237120214
2.177e-06,0.0910147369,2.177e-06,-0.00550833544
2.17701614e-06,0.0908184927,2.17701614e-06,-0.00586367846
2.17704841e-06,0.090375072,2.17704841e-06,-0.00666009459
2.17711295e-06,0.0883101001,2.17711295e-06,-0.00938390216
2.17723288e-06,0.0771087636,2.17723288e-06,-0.0248870242
2.17733821e-06,0.0621383276,2.17733821e-06,-0.0249163473
2.17745169e-06,0.0536670057,2.17745169e-06,-0.0104288572
2.17754393e-06,0.0762290893,2.17754393e-06,-0.00645847662
2.17762676e-06,0.193886857,2.17762676e-06,-0.00542833292
2.17770906e-06,0.918914436,2.17770906e-06,-0.00343773121
2.17781853e-06,1.59024314,2.17781853e-06,-0.00136376276
2.17793148e-06,1.59763922,2.17793148e-06,-0.000374315403
2.17807019e-06,1.62629891,2.17807019e-06,-0.0001200949
2.17821906e-06,1.6192346,2.17821906e-06,0.00018408969
2.17841653e-06,1.62487398,2.17841653e-06,-0.000248141508
2.17880501e-06,1.61663266,2.17880501e-06,0.000110628216
2.17957163e-06,1.61255054,2.17957163e-06,-0.000301209019
2.18110486e-06,1.59286078,2.18110486e-06,0.000108808899
2.18417132e-06,1.56509757,2.18417132e-06,-0.000297679284
2.19030424e-06,1.49956205,2.19030424e-06,0.00011472498
2.20257007e-06,1.38563242,2.20257007e-06,-0.00028617865
2.22710175e-06,1.1500041,2.22710175e-06,0.000136842906
2.27616509e-06,0.407668583,2.27616509e-06,-0.000225410004
2.33616509e-06,0.067803695,2.33616509e-06,0.000198779081
2.39616509e-06,0.112326098,2.39616509e-06,-0.000209566446
2.45616509e-06,-0.000223711274,2.45616509e-06,0.000203400922
2.493e-06,0.0826594988,2.493e-06,-0.000208803762
2.4931e-06,0.0737118793,2.4931e-06,4.60258249e-05
2.4933e-06,0.0601619128,2.4933e-06,9.1174665e-05
2.49351104e-06,0.0519056699,2.49351104e-06,-0.000740511676
2.49373854e-06,0.0461299806,2.49373854e-06,-0.00518236058
2.49391899e-06,0.0434076923,2.49391899e-06,-0.00973641921
2.494e-06,0.0424979004,2.494e-06,-0.0114359818
2.49401899e-06,0.04233265,2.49401899e-06,-0.0116635286
2.49405697e-06,0.0420476117,2.49405697e-06,-0.0119391828
2.49413293e-06,0.0415554093,2.49413293e-06,-0.0120941874
2.49428485e-06,0.0406065071,2.49428485e-06,-0.011817895
2.4944657e-06,0.0398339386,2.4944657e-06,-0.011485455
2.49470378e-06,0.0450867076,2.49470378e-06,-0.0215689735
2.49495302e-06,0.0842460851,2.49495302e-06,-0.0611627863
2.4952201e-06,0.0561670076,2.4952201e-06,-0.11502707
2.49543114e-06,0.0295244936,2.49543114e-06,-0.118986466
2.4956272e-06,0.0203927255,2.4956272e-06,-0.085783831
2.49578155e-06,0.0122420302,2.49578155e-06,-0.0575501046
2.49593984e-06,0.00794067476,2.49593984e-06,-0.0329400112
2.49625642e-06,0.00152878397,2.49625642e-06,-0.0084592672
2.49667859e-06,0.000760913408,2.49667859e-06,-1.12880223e-05
2.49710483e-06,-0.000153384799,2.49710483e-06,-0.000438155524
2.49766101e-06,0.000650223588,2.49766101e-06,0.000411167479
2.49866573e-06,-0.000145295178,2.49866573e-06,-0.000410876375
2.5e-06,0.000639762976,2.5e-06,0.000403158818
2.5001e-06,0.000260417858,2.5001e-06,5.12970362e-05
2.5003e-06,0.000236254183,2.5003e-06,7.49188806e-05
2.50051105e-06,0.000250319306,2.50051105e-06,-0.000734865286
2.50073854e-06,0.000214395663,2.50073854e-06,-0.00519652389
2.50091903e-06,0.000264133974,2.50091903e-06,-0.00972713527
2.501e-06,0.000234183781,2.501e-06,-0.0114471718
2.50101899e-06,0.000253004511,2.50101899e-06,-0.011665229
2.50105698e-06,0.000280534189,2.50105698e-06,-0.0119365766
2.50113295e-06,0.000281703235,2.50113295e-06,-0.0120938172
2.50128488e-06,0.000250490024,2.50128488e-06,-0.0118186309
2.50146566e-06,0.000267596018,2.50146566e-06,-0.0114853349
2.50170376e-06,0.00107645491,2.50170376e-06,-0.0215647987
2.50195292e-06,0.00475127401,2.50195292e-06,-0.0614721552
2.50222866e-06,0.0190074556,2.50222866e-06,-0.115701899
2.50243834e-06,0.0197073761,2.50243834e-06,-0.126275704
2.50260297e-06,0.0192443749,2.50260297e-06,-0.113875516
2.5027203e-06,0.0163202336,2.5027203e-06,-0.105819801
2.50285224e-06,0.0150642511,2.50285224e-06,-0.0891075685
2.50305969e-06,0.00978639939,2.50305969e-06,-0.0650648063
2.50341802e-06,0.00546184024,2.50341802e-06,-0.0300595167
2.50394063e-06,0.000573750782,2.50394063e-06,-0.00750644792
2.50457218e-06,0.000647995662,2.50457218e-06,-0.000196358567
2.50528257e-06,-0.000527628121,2.50528257e-06,-0.000490472625
2.50618136e-06,0.000523229737,2.50618136e-06,0.000467639828
2.50797895e-06,-0.000519765865,2.50797895e-06,-0.000463966291
2.51157413e-06,0.000518064616,2.51157413e-06,0.000462315897
2.51876449e-06,-0.000517149217,2.51876449e-06,-0.000461590275
2.53314522e-06,0.00051675219,2.53314522e-06,0.000461168935
2.56190666e-06,-0.000516492612,2.56190666e-06,-0.000461024245
2.61942956e-06,0.000516423733,2.61942956e-06,0.000460887644
2.657e-06,-0.00051730514,2.657e-06,-0.000460873985
2.6571e-06,-1.49180862e-05,2.6571e-06,-3.65938988e-05
2.6573e-06,1.4132244e-05,2.6573e-06,-3.8790601e-06
2.65756538e-06,-1.46170396e-05,2.65756538e-06,-5.95292551e-05
2.65785385e-06,1.64276188e-05,2.65785385e-06,-0.00134876133
2.658e-06,8.49090811e-05,2.658e-06,-0.00455667113
2.65801615e-06,0.000112323096,2.65801615e-06,-0.00490457149
2.65804846e-06,0.000143948818,2.65804846e-06,-0.00570414805
2.65811307e-06,-0.000205234863,2.65811307e-06,-0.0083270327
2.65823301e-06,-0.00361309672,2.65823301e-06,-0.0236275827
2.65833848e-06,-0.00941244048,2.65833848e-06,-0.0243336517
2.65845203e-06,-0.0175055181,2.65845203e-06,-0.0110151689
2.65854386e-06,-0.0250608175,2.65854386e-06,-0.00899432375
2.65862711e-06,-0.0441258122,2.65862711e-06,-0.0129435425
2.6587099e-06,-0.130888086,2.6587099e-06,-0.0362237295
2.65881953e-06,-0.169218263,2.65881953e-06,-0.00896349145
2.65895383e-06,-0.092071634,2.65895383e-06,0.0008449279
2.65910982e-06,-0.0727158713,2.65910982e-06,0.00372681492
2.65926242e-06,-0.0660770425,2.65926242e-06,0.00189036101
2.6595598e-06,-0.0548858362,2.6595598e-06,0.00298920783
2.66012512e-06,-0.0392788139,2.66012512e-06,0.000850972284
2.66125575e-06,-0.0200482737,2.66125575e-06,0.00157355399
2.66351702e-06,-0.00426574927,2.66351702e-06,-0.000576548948
2.667e-06,-6.21354005e-07,2.667e-06,0.000751003254
2.6671e-06,-8.23314629e-07,2.6671e-06,-2.88029217e-05
2.6673e-06,-7.16506788e-06,2.6673e-06,-1.4948746e-05
2.66756538e-06,-1.56565992e-05,2.66756538e-06,-6.55803572e-05
2.66785386e-06,2.34635023e-05,2.66785386e-06,-0.00131114355
2.668e-06,0.000804451078,2.668e-06,-0.00326360501
2.66801615e-06,0.000989624751,2.66801615e-06,-0.00339692117
2.66804845e-06,0.00137755464,2.66804845e-06,-0.00383463848
2.66811305e-06,0.000312164013,2.66811305e-06,-0.0112091107
2.66823316e-06,-0.0277442139,2.66823316e-06,-0.0702177635
2.66833919e-06,-0.107877362,2.66833919e-06,-0.135526318
2.66843404e-06,0.325753333,2.66843404e-06,-0.303929995
2.66852659e-06,1.7309395,2.66852659e-06,-0.438756139
2.66858814e-06,2.75147127,2.66858814e-06,-0.443353598
2.6686561e-06,3.5061661,2.6686561e-06,-0.437896636
2.66873656e-06,3.82483069,2.66873656e-06,-0.391830872
2.66882664e-06,3.87242109,2.66882664e-06,-0.385184394
2.6689097e-06,3.89191723,2.6689097e-06,-0.327498582
2.6689868e-06,3.88901535,2.6689868e-06,-0.295623615
2.66908442e-06,3.8853558,2.66908442e-06,-0.235463219
2.66927553e-06,3.85908253,2.66927553e-06,-0.19680453
2.66956786e-06,3.83733757,2.66956786e-06,-0.167864031
2.66988074e-06,3.82799139,2.66988074e-06,-0.179991184
2.67030729e-06,3.82350906,2.67030729e-06,-0.167621739
2.67113897e-06,3.81080746,2.67113897e-06,-0.179098284
2.67258346e-06,3.79169039,2.67258346e-06,-0.166211953
2.67547245e-06,3.74554133,2.67547245e-06,-0.176116352
2.68125042e-06,3.64692253,2.68125042e-06,-0.159645895
2.69280635e-06,3.42669648,2.69280635e-06,-0.161630313
2.71591823e-06,2.99600522,2.71591823e-06,-0.13008238
2.76214198e-06,2.25752544,2.76214198e-06,-0.108523153
2.82214198e-06,1.55739773,2.82214198e-06,-0.064740033
2.88214198e-06,1.0701024,2.88214198e-06,-0.0545901771
2.94214198e-06,0.737095874,2.94214198e-06,-0.0274833972
3e-06,0.512588202,3e-06,-0.0292684934
